<keymap version="1" name="macOS copy" parent="Mac OS X 10.5+">
  <action id="ActivateBookmarksToolWindow" />
  <action id="ActivateDebugToolWindow">
    <keyboard-shortcut first-keystroke="meta 4" />
  </action>
  <action id="ActivateFindToolWindow" />
  <action id="ActivateGradleToolWindow">
    <keyboard-shortcut first-keystroke="meta 2" />
  </action>
  <action id="ActivateRunToolWindow">
    <keyboard-shortcut first-keystroke="meta 3" />
  </action>
  <action id="ActivateTerminalToolWindow">
    <keyboard-shortcut first-keystroke="meta 5" />
  </action>
  <action id="Arrangement.Alias.Rule.Add">
    <keyboard-shortcut first-keystroke="meta n" />
  </action>
  <action id="Arrangement.Rule.Add">
    <keyboard-shortcut first-keystroke="meta n" />
  </action>
  <action id="Debug">
    <keyboard-shortcut first-keystroke="shift ctrl enter" />
  </action>
  <action id="Diff.FocusOppositePane" />
  <action id="DuplicatesForm.SendToRight" />
  <action id="FileChooser.GotoModule" />
  <action id="FileChooser.GotoProject" />
  <action id="Generate">
    <keyboard-shortcut first-keystroke="meta n" />
  </action>
  <action id="GotoFile" />
  <action id="ManageRecentProjects">
    <keyboard-shortcut first-keystroke="shift meta o" />
  </action>
  <action id="NewElement">
    <keyboard-shortcut first-keystroke="meta n" />
  </action>
  <action id="NextTab">
    <keyboard-shortcut first-keystroke="ctrl tab" />
  </action>
  <action id="PreviousTab">
    <keyboard-shortcut first-keystroke="shift ctrl tab" />
  </action>
  <action id="Run">
    <keyboard-shortcut first-keystroke="ctrl enter" />
  </action>
  <action id="Scala.ShowImplicits">
    <keyboard-shortcut first-keystroke="shift ctrl alt equals" />
    <keyboard-shortcut first-keystroke="shift ctrl alt add" />
  </action>
  <action id="ServiceView.AddService">
    <keyboard-shortcut first-keystroke="meta n" />
  </action>
  <action id="Switcher" />
  <action id="Uml.NewElement">
    <keyboard-shortcut first-keystroke="meta n" />
  </action>
</keymap>