<keymap version="1" name="Windows copy" parent="$default">
  <action id="CloseContent">
    <keyboard-shortcut first-keystroke="ctrl w" />
  </action>
  <action id="Diff.FocusOppositePane" />
  <action id="DuplicatesForm.SendToLeft" />
  <action id="DuplicatesForm.SendToRight" />
  <action id="EditorSelectWord" />
  <action id="EditorUnSelectWord" />
  <action id="FileChooser.GotoHome" />
  <action id="FileChooser.GotoModule" />
  <action id="FileChooser.GotoProject" />
  <action id="FileChooser.NewFolder">
    <keyboard-shortcut first-keystroke="alt insert" />
  </action>
  <action id="Generate">
    <keyboard-shortcut first-keystroke="alt n" />
  </action>
  <action id="GoToLastTab">
    <keyboard-shortcut first-keystroke="ctrl 9" />
  </action>
  <action id="GoToTab1">
    <keyboard-shortcut first-keystroke="ctrl 1" />
  </action>
  <action id="GoToTab2">
    <keyboard-shortcut first-keystroke="ctrl 2" />
  </action>
  <action id="GoToTab3">
    <keyboard-shortcut first-keystroke="ctrl 3" />
  </action>
  <action id="GotoBookmark1" />
  <action id="GotoBookmark2" />
  <action id="GotoBookmark3" />
  <action id="GotoBookmark9" />
  <action id="GotoClass" />
  <action id="GuiDesigner.ShrinkSelection" />
  <action id="NextTab">
    <keyboard-shortcut first-keystroke="ctrl tab" />
  </action>
  <action id="PreviousTab">
    <keyboard-shortcut first-keystroke="shift ctrl tab" />
  </action>
  <action id="ReopenClosedTab">
    <keyboard-shortcut first-keystroke="shift ctrl w" />
  </action>
  <action id="SmartSelect" />
  <action id="SmartUnSelect" />
  <action id="Switcher" />
  <action id="UsageFiltering.WriteAccess" />
</keymap>