<code_scheme name="Indeed House Style" version="173">
  <option name="LINE_SEPARATOR" value="&#10;" />
  <JavaCodeStyleSettings>
    <option name="GENERATE_FINAL_LOCALS" value="true" />
    <option name="GENERATE_FINAL_PARAMETERS" value="true" />
    <option name="CLASS_COUNT_TO_USE_IMPORT_ON_DEMAND" value="10000" />
    <option name="NAMES_COUNT_TO_USE_IMPORT_ON_DEMAND" value="10000" />
    <option name="PACKAGES_TO_USE_IMPORT_ON_DEMAND">
      <value />
    </option>
  </JavaCodeStyleSettings>
  <JetCodeStyleSettings>
    <option name="NAME_COUNT_TO_USE_STAR_IMPORT" value="100" />
    <option name="NAME_COUNT_TO_USE_STAR_IMPORT_FOR_MEMBERS" value="100" />
    <option name="CODE_STYLE_DEFAULTS" value="KOTLIN_OFFICIAL" />
  </JetCodeStyleSettings>
  <ScalaCodeStyleSettings>
    <option name="FORMATTER" value="1" />
    <option name="MULTILINE_STRING_CLOSING_QUOTES_ON_NEW_LINE" value="true" />
  </ScalaCodeStyleSettings>
  <TypeScriptCodeStyleSettings version="0">
    <option name="SPACES_WITHIN_IMPORTS" value="true" />
  </TypeScriptCodeStyleSettings>
  <codeStyleSettings language="JAVA">
    <option name="KEEP_BLANK_LINES_IN_DECLARATIONS" value="1" />
    <option name="KEEP_BLANK_LINES_IN_CODE" value="1" />
    <option name="KEEP_BLANK_LINES_BEFORE_RBRACE" value="1" />
    <option name="IF_BRACE_FORCE" value="3" />
    <option name="DOWHILE_BRACE_FORCE" value="3" />
    <option name="WHILE_BRACE_FORCE" value="3" />
    <option name="FOR_BRACE_FORCE" value="3" />
    <arrangement>
      <rules>
        <section>
          <rule>
            <match>
              <AND>
                <FIELD />
                <FINAL />
                <PUBLIC />
                <STATIC />
              </AND>
            </match>
          </rule>
        </section>
        <section>
          <rule>
            <match>
              <AND>
                <FIELD />
                <FINAL />
                <PROTECTED />
                <STATIC />
              </AND>
            </match>
          </rule>
        </section>
        <section>
          <rule>
            <match>
              <AND>
                <FIELD />
                <FINAL />
                <PACKAGE_PRIVATE />
                <STATIC />
              </AND>
            </match>
          </rule>
        </section>
        <section>
          <rule>
            <match>
              <AND>
                <FIELD />
                <FINAL />
                <PRIVATE />
                <STATIC />
              </AND>
            </match>
          </rule>
        </section>
        <section>
          <rule>
            <match>
              <AND>
                <FIELD />
                <PUBLIC />
                <STATIC />
              </AND>
            </match>
          </rule>
        </section>
        <section>
          <rule>
            <match>
              <AND>
                <FIELD />
                <PROTECTED />
                <STATIC />
              </AND>
            </match>
          </rule>
        </section>
        <section>
          <rule>
            <match>
              <AND>
                <FIELD />
                <PACKAGE_PRIVATE />
                <STATIC />
              </AND>
            </match>
          </rule>
        </section>
        <section>
          <rule>
            <match>
              <AND>
                <FIELD />
                <PRIVATE />
                <STATIC />
              </AND>
            </match>
          </rule>
        </section>
        <section>
          <rule>
            <match>
              <AND>
                <FIELD />
                <FINAL />
                <PUBLIC />
              </AND>
            </match>
          </rule>
        </section>
        <section>
          <rule>
            <match>
              <AND>
                <FIELD />
                <FINAL />
                <PROTECTED />
              </AND>
            </match>
          </rule>
        </section>
        <section>
          <rule>
            <match>
              <AND>
                <FIELD />
                <FINAL />
                <PACKAGE_PRIVATE />
              </AND>
            </match>
          </rule>
        </section>
        <section>
          <rule>
            <match>
              <AND>
                <FIELD />
                <FINAL />
                <PRIVATE />
              </AND>
            </match>
          </rule>
        </section>
        <section>
          <rule>
            <match>
              <AND>
                <FIELD />
                <PUBLIC />
              </AND>
            </match>
          </rule>
        </section>
        <section>
          <rule>
            <match>
              <AND>
                <FIELD />
                <PROTECTED />
              </AND>
            </match>
          </rule>
        </section>
        <section>
          <rule>
            <match>
              <AND>
                <FIELD />
                <PACKAGE_PRIVATE />
              </AND>
            </match>
          </rule>
        </section>
        <section>
          <rule>
            <match>
              <AND>
                <FIELD />
                <PRIVATE />
              </AND>
            </match>
          </rule>
        </section>
        <section>
          <rule>
            <match>
              <FIELD />
            </match>
          </rule>
        </section>
        <section>
          <rule>
            <match>
              <CONSTRUCTOR />
            </match>
          </rule>
        </section>
        <section>
          <rule>
            <match>
              <AND>
                <METHOD />
                <STATIC />
              </AND>
            </match>
          </rule>
        </section>
        <section>
          <rule>
            <match>
              <METHOD />
            </match>
          </rule>
        </section>
        <section>
          <rule>
            <match>
              <ENUM />
            </match>
          </rule>
        </section>
        <section>
          <rule>
            <match>
              <INTERFACE />
            </match>
          </rule>
        </section>
        <section>
          <rule>
            <match>
              <AND>
                <CLASS />
                <STATIC />
              </AND>
            </match>
          </rule>
        </section>
        <section>
          <rule>
            <match>
              <CLASS />
            </match>
          </rule>
        </section>
      </rules>
    </arrangement>
  </codeStyleSettings>
  <codeStyleSettings language="Scala">
    <option name="KEEP_LINE_BREAKS" value="false" />
  </codeStyleSettings>
  <codeStyleSettings language="kotlin">
    <option name="CODE_STYLE_DEFAULTS" value="KOTLIN_OFFICIAL" />
  </codeStyleSettings>
</code_scheme>