<application>
  <component name="aws">
    <option name="promptedForTelemetry" value="true" />
  </component>
  <component name="executables">
    <option name="value">
      <list>
        <ExecutableState>
          <option name="autoResolved" value="true" />
          <option name="executablePath" value="/usr/local/bin/sam" />
          <option name="id" value="samCli" />
          <option name="lastKnownFileTime" value="1680887721000" />
        </ExecutableState>
      </list>
    </option>
  </component>
</application>