<application>
  <component name="FileTypeManager" version="18">
    <ignoreFiles list="*.pyc;*.pyo;*.rbc;*.yarb;*~;.DS_Store;.bundle.js;.git;.hg;.js.map;.map;.svn;CVS;__pycache__;_svn;package-lock.json;vssver.scc;vssver2.scc" />
    <extensionMap>
      <mapping pattern="MyJobDetailsPage.tsx" type="AUTO_DETECTED" />
      <mapping ext="mockmaker" type="PLAIN_TEXT" />
      <removed_mapping ext="apk" approved="true" type="ARCHIVE" />
      <removed_mapping ext="psd" approved="true" type="Image" />
    </extensionMap>
  </component>
</application>