<application>
  <component name="FindSettings">
    <option name="customScope" value="Project and Libraries" />
    <option name="defaultScopeName" value="Project and Libraries" />
    <option name="localRegularExpressions" value="true" />
    <option name="regularExpressions" value="true" />
    <option name="REGULAR_EXPRESSIONS" value="true" />
    <option name="LOCAL_REGULAR_EXPRESSIONS" value="true" />
    <option name="SEARCH_SCOPE" value="Project and Libraries" />
    <option name="FILE_MASK" value="*.scala" />
    <mask>*.css</mask>
    <mask>*.html</mask>
    <mask>*.xml</mask>
    <mask>*.jsp</mask>
    <mask>*.properties</mask>
    <mask>*.py</mask>
    <mask>*.graphql</mask>
    <mask>*.tsx</mask>
    <mask>*.ts</mask>
    <mask>*.yml</mask>
    <mask>*.js</mask>
    <mask>*.jsx</mask>
    <mask>*.java</mask>
    <mask>*.scala</mask>
  </component>
</application>