<application>
  <component name="IgnoredPluginSuggestions">
    <option name="pluginIds">
      <list>
        <option value="com.intellij.selenium" />
        <option value="org.dynamodb4idea" />
        <option value="aws.toolkit" />
        <option value="com.intellij.bigdatatools" />
        <option value="com.intellij.guice" />
        <option value="com.netflix.graphql.dgs.intellijplugin" />
        <option value="com.intellij.bigdatatools.rfs" />
        <option value="com.intellij.aqua" />
        <option value="com.intellij.spring.websocket" />
      </list>
    </option>
  </component>
</application>