<application>
  <component name="NodeJsLocalInterpreterManager">
    <local-interpreter path="$USER_HOME$/.nvm/versions/node/v16.19.1/bin/node">
      <version-cache version="16.19.1" last-modified="1676561795000" />
    </local-interpreter>
    <local-interpreter path="$USER_HOME$/.nvm/versions/node/v16.18.1/bin/node">
      <version-cache version="16.18.1" last-modified="1667564252000" />
    </local-interpreter>
    <local-interpreter path="$USER_HOME$/.nvm/versions/node/v14.21.2/bin/node">
      <version-cache version="14.21.2" last-modified="1670917068000" />
    </local-interpreter>
    <local-interpreter path="$USER_HOME$/.nvm/versions/node/v14.21.1/bin/node">
      <version-cache version="14.21.1" last-modified="1667567413000" />
    </local-interpreter>
    <local-interpreter path="$USER_HOME$/.nvm/versions/node/v11.15.0/bin/node">
      <version-cache last-modified="0" />
    </local-interpreter>
  </component>
</application>