<application>
  <component name="ProjectManager">
    <defaultProject>
      <component name="CheckStyle-IDEA" serialisationVersion="2">
        <checkstyleVersion>10.7.0</checkstyleVersion>
        <scanScope>JavaOnly</scanScope>
        <option name="locations">
          <list>
            <ConfigurationLocation id="bundled-sun-checks" type="BUNDLED" scope="All" description="Sun Checks">(bundled)</ConfigurationLocation>
            <ConfigurationLocation id="bundled-google-checks" type="BUNDLED" scope="All" description="Google Checks">(bundled)</ConfigurationLocation>
          </list>
        </option>
      </component>
      <component name="ProjectRootManager" version="2" languageLevel="JDK_1_8" project-jdk-name="1.8" project-jdk-type="JavaSDK" />
      <component name="ProjectViewState">
        <option name="hideEmptyMiddlePackages" value="true" />
        <option name="showLibraryContents" value="true" />
      </component>
      <component name="PropertiesComponent">
        <property name="project.structure.last.edited" value="SDKs" />
        <property name="project.structure.proportion" value="0.0" />
        <property name="project.structure.side.proportion" value="0.41264367" />
        <property name="settings.editor.selected.configurable" value="aws" />
      </component>
      <component name="masterDetails">
        <states>
          <state key="GlobalLibrariesConfigurable.UI">
            <settings>
              <splitter-proportions>
                <option name="proportions">
                  <list>
                    <option value="0.41264367" />
                  </list>
                </option>
              </splitter-proportions>
            </settings>
          </state>
          <state key="JdkListConfigurable.UI">
            <settings>
              <last-edited>1.8</last-edited>
              <splitter-proportions>
                <option name="proportions">
                  <list>
                    <option value="0.41264367" />
                  </list>
                </option>
              </splitter-proportions>
            </settings>
          </state>
          <state key="ProjectLibrariesConfigurable.UI">
            <settings>
              <splitter-proportions>
                <option name="proportions">
                  <list>
                    <option value="0.41264367" />
                  </list>
                </option>
              </splitter-proportions>
            </settings>
          </state>
        </states>
      </component>
    </defaultProject>
  </component>
</application>