<profile version="1.0">
  <option name="myName" value="Indeed Default Inspections" />
  <inspection_tool class="ConstantNamingConvention" enabled="true" level="WARNING" enabled_by_default="true">
    <option name="onlyCheckImmutables" value="false" />
    <option name="m_regex" value="(log)|[A-Z][A-Z_\d]*" />
    <option name="m_minLength" value="3" />
    <option name="m_maxLength" value="50" />
  </inspection_tool>
  <inspection_tool class="ControlFlowStatementWithoutBraces" enabled="true" level="ERROR" enabled_by_default="true" />
  <inspection_tool class="DefaultNotLastCaseInSwitch" enabled="true" level="WARNING" enabled_by_default="true" />
  <inspection_tool class="FallthruInSwitchStatement" enabled="true" level="WARNING" enabled_by_default="true" />
  <inspection_tool class="FieldHidesSuperclassField" enabled="true" level="WARNING" enabled_by_default="true">
    <option name="m_ignoreInvisibleFields" value="true" />
  </inspection_tool>
  <inspection_tool class="FieldMayBeFinal" enabled="true" level="ERROR" enabled_by_default="true" />
  <inspection_tool class="InnerClassVariableHidesOuterClassVariable" enabled="true" level="WARNING" enabled_by_default="true">
    <option name="m_ignoreInvisibleFields" value="true" />
  </inspection_tool>
  <inspection_tool class="InstanceMethodNamingConvention" enabled="true" level="WARNING" enabled_by_default="true">
    <option name="m_regex" value="[a-z][A-Za-z\d]*" />
    <option name="m_minLength" value="4" />
    <option name="m_maxLength" value="32" />
  </inspection_tool>
  <inspection_tool class="LambdaParameterNamingConvention" enabled="true" level="WARNING" enabled_by_default="true">
    <option name="m_maxLength" value="50" />
  </inspection_tool>
  <inspection_tool class="LocalCanBeFinal" enabled="true" level="ERROR" enabled_by_default="true">
    <option name="REPORT_VARIABLES" value="true" />
    <option name="REPORT_PARAMETERS" value="true" />
  </inspection_tool>
  <inspection_tool class="LocalVariableHidingMemberVariable" enabled="true" level="WARNING" enabled_by_default="true">
    <option name="m_ignoreInvisibleFields" value="true" />
    <option name="m_ignoreStaticMethods" value="true" />
  </inspection_tool>
  <inspection_tool class="LocalVariableNamingConvention" enabled="true" level="WARNING" enabled_by_default="true">
    <option name="m_ignoreForLoopParameters" value="false" />
    <option name="m_ignoreCatchParameters" value="false" />
    <option name="m_regex" value="[a-z][A-Za-z\d]*" />
    <option name="m_minLength" value="1" />
    <option name="m_maxLength" value="50" />
  </inspection_tool>
  <inspection_tool class="MagicNumber" enabled="true" level="WARNING" enabled_by_default="true">
    <option name="ignoreInitialCapacity" value="true" />
  </inspection_tool>
  <inspection_tool class="MisspelledMethodName" enabled="true" level="WARNING" enabled_by_default="true" />
  <inspection_tool class="MultipleDeclaration" enabled="true" level="WARNING" enabled_by_default="true">
    <option name="ignoreForLoopDeclarations" value="true" />
  </inspection_tool>
  <inspection_tool class="MultipleTopLevelClassesInFile" enabled="true" level="WARNING" enabled_by_default="true" />
  <inspection_tool class="MultipleTypedDeclaration" enabled="true" level="WARNING" enabled_by_default="true" />
  <inspection_tool class="MultipleVariablesInDeclaration" enabled="true" level="WARNING" enabled_by_default="true" />
  <inspection_tool class="ParameterHidingMemberVariable" enabled="true" level="WARNING" enabled_by_default="true">
    <option name="m_ignoreInvisibleFields" value="true" />
    <option name="m_ignoreStaticMethodParametersHidingInstanceFields" value="true" />
    <option name="m_ignoreForConstructors" value="true" />
    <option name="m_ignoreForPropertySetters" value="false" />
    <option name="m_ignoreForAbstractMethods" value="false" />
  </inspection_tool>
  <inspection_tool class="ParameterNamingConvention" enabled="true" level="WARNING" enabled_by_default="true">
    <option name="m_regex" value="[a-z][A-Za-z\d]*" />
    <option name="m_minLength" value="1" />
    <option name="m_maxLength" value="50" />
  </inspection_tool>
  <inspection_tool class="StaticCallOnSubclass" enabled="true" level="WARNING" enabled_by_default="true" />
  <inspection_tool class="SwitchStatementsWithoutDefault" enabled="true" level="ERROR" enabled_by_default="true">
    <option name="m_ignoreFullyCoveredEnums" value="true" />
  </inspection_tool>
  <inspection_tool class="TooBroadScope" enabled="true" level="WARNING" enabled_by_default="true">
    <option name="m_allowConstructorAsInitializer" value="false" />
    <option name="m_onlyLookAtBlocks" value="false" />
  </inspection_tool>
  <inspection_tool class="UnnecessarilyQualifiedStaticUsage" enabled="true" level="WARNING" enabled_by_default="true">
    <option name="m_ignoreStaticFieldAccesses" value="false" />
    <option name="m_ignoreStaticMethodCalls" value="false" />
    <option name="m_ignoreStaticAccessFromStaticContext" value="false" />
  </inspection_tool>
  <inspection_tool class="UnnecessarilyQualifiedStaticallyImportedElement" enabled="true" level="WARNING" enabled_by_default="true" />
  <inspection_tool class="UpperCaseFieldNameNotConstant" enabled="true" level="WARNING" enabled_by_default="true" />
</profile>